File,Line,Function,Executable Source Lines,Executable Source Lines Covered,Instructions,Instructions Covered,Run Count,Instructions Executed
,0,"__aeabi_memclr",0,0,44,32,3,411
,0,"__aeabi_memcpy4",0,0,23,0,0,0
,0,"__aeabi_memset",0,0,3,3,6,18
,0,"__aeabi_uldivmod",0,0,111,0,0,0
"core_cm4.h",1814,"__NVIC_SetPriority(enum IRQn, unsigned int)",6,3,22,14,2,30
,0,"__SEGGER_init_copy",0,0,10,10,1,95
,0,"__SEGGER_init_ctors",0,0,13,13,1,14
"SEGGER_THUMB_Startup.s",178,"__SEGGER_init_done",1,1,1,1,1,1
,0,"__SEGGER_init_heap",0,0,7,7,1,7
,0,"__SEGGER_init_zero",0,0,9,9,1,13102
,0,"__SEGGER_init_zpak",0,0,20,20,1,540
,0,"__SEGGER_RTL_init_heap",0,0,8,7,1,7
"SEGGER_SYSVIEW_Config_embOS.c",68,"_cbSendSystemDesc()",4,0,8,0,0,0
"SEGGER_SYSVIEW_embOS.c",58,"_cbSendTaskInfo(const struct OS_TASK_STRUCT*)",11,11,29,29,2,58
"SEGGER_SYSVIEW_embOS.c",85,"_cbSendTaskList()",8,0,32,0,0,0
,0,"_DelayUntil",0,0,22,12,3,35
"SEGGER_RTT.c",298,"_DoInit()",22,22,65,65,1,262
"JLINKMEM_Process.c",283,"_DropTxData()",4,0,13,0,0,0
"SEGGER_SYSVIEW.c",450,"_EncodeStr(unsigned char*, const char*, unsigned int)",18,11,68,47,2,372
,0,"_EvaPacket",0,0,211,0,0,0
"JLINKMEM_Process.c",243,"_FillTxBuf(unsigned char)",20,0,68,0,0,0
"OS_StartLEDBlink.c",62,"_Flashfunc_Loop()",4,4,10,10,1,40009
"SEGGER_SYSVIEW.c",521,"_HandleIncomingPacket()",26,0,80,0,0,0
"JLINKMEM_Process.c",156,"_Init()",13,13,41,41,1,41
"JLINKMEM_Process.c",186,"_LockTxBuf()",8,0,31,0,0,0
,0,"_OnTx",0,0,123,0,0,0
"RTOSInit_STM32F4xx.c",137,"_OS_GetHWTimer_IntPending()",1,0,5,0,0,0
"RTOSInit_STM32F4xx.c",122,"_OS_GetHWTimerCycles()",1,0,4,0,0,0
"SEGGER_SYSVIEW.c",504,"_PreparePacket(unsigned char*)",2,2,6,6,49,294
"OS_StartLEDBlink.c",49,"_Ramfunc_Loop()",4,4,10,10,1,40009
,0,"_Ramfunc_Loop__TT_veneer_T32_LDR",0,0,1,1,1,1
"JLINKMEM_Process.c",217,"_Receive()",9,0,50,0,0,0
"JLINKMEM_Process.c",298,"_Send()",12,0,35,0,0,0
"SEGGER_SYSVIEW.c",693,"_SendPacket(unsigned char*, unsigned char*, unsigned int)",56,3,265,29,51,1581
"SEGGER_THUMB_Startup.s",160,"_start",6,6,6,6,1,25
,0,"_StartSend",0,0,21,0,0,0
,0,"_StoreOutString",0,0,33,0,0,0
"SEGGER_SYSVIEW.c",588,"_TrySendOverflowPacket()",14,0,93,0,0,0
"JLINKMEM_Process.c",206,"_UnlockTxBuf()",2,0,5,0,0,0
"STM32F40x_Vectors.s",200,"ADC_IRQHandler",1,0,1,0,0,0
"BSP.c",111,"BSP_Init()",9,9,56,56,1,132
"BSP.c",151,"BSP_ToggleLED(int)",7,3,40,27,2,56
"STM32F40x_Vectors.s",202,"CAN1_RX0_IRQHandler",1,0,1,0,0,0
"STM32F40x_Vectors.s",203,"CAN1_RX1_IRQHandler",1,0,1,0,0,0
"STM32F40x_Vectors.s",204,"CAN1_SCE_IRQHandler",1,0,1,0,0,0
"STM32F40x_Vectors.s",201,"CAN1_TX_IRQHandler",1,0,1,0,0,0
"STM32F40x_Vectors.s",246,"CAN2_RX0_IRQHandler",1,0,1,0,0,0
"STM32F40x_Vectors.s",247,"CAN2_RX1_IRQHandler",1,0,1,0,0,0
"STM32F40x_Vectors.s",248,"CAN2_SCE_IRQHandler",1,0,1,0,0,0
"STM32F40x_Vectors.s",245,"CAN2_TX_IRQHandler",1,0,1,0,0,0
"STM32F40x_Vectors.s",260,"DCMI_IRQHandler",1,0,1,0,0,0
"STM32F40x_Vectors.s",193,"DMA1_Stream0_IRQHandler",1,0,1,0,0,0
"STM32F40x_Vectors.s",194,"DMA1_Stream1_IRQHandler",1,0,1,0,0,0
"STM32F40x_Vectors.s",195,"DMA1_Stream2_IRQHandler",1,0,1,0,0,0
"STM32F40x_Vectors.s",196,"DMA1_Stream3_IRQHandler",1,0,1,0,0,0
"STM32F40x_Vectors.s",197,"DMA1_Stream4_IRQHandler",1,0,1,0,0,0
"STM32F40x_Vectors.s",198,"DMA1_Stream5_IRQHandler",1,0,1,0,0,0
"STM32F40x_Vectors.s",199,"DMA1_Stream6_IRQHandler",1,0,1,0,0,0
"STM32F40x_Vectors.s",229,"DMA1_Stream7_IRQHandler",1,0,1,0,0,0
"STM32F40x_Vectors.s",238,"DMA2_Stream0_IRQHandler",1,0,1,0,0,0
"STM32F40x_Vectors.s",239,"DMA2_Stream1_IRQHandler",1,0,1,0,0,0
"STM32F40x_Vectors.s",240,"DMA2_Stream2_IRQHandler",1,0,1,0,0,0
"STM32F40x_Vectors.s",241,"DMA2_Stream3_IRQHandler",1,0,1,0,0,0
"STM32F40x_Vectors.s",242,"DMA2_Stream4_IRQHandler",1,0,1,0,0,0
"STM32F40x_Vectors.s",250,"DMA2_Stream5_IRQHandler",1,0,1,0,0,0
"STM32F40x_Vectors.s",251,"DMA2_Stream6_IRQHandler",1,0,1,0,0,0
"STM32F40x_Vectors.s",252,"DMA2_Stream7_IRQHandler",1,0,1,0,0,0
"STM32F40x_Vectors.s",293,"Dummy_Handler",1,0,1,0,0,0
"STM32F40x_Vectors.s",243,"ETH_IRQHandler",1,0,1,0,0,0
"STM32F40x_Vectors.s",244,"ETH_WKUP_IRQHandler",1,0,1,0,0,0
"SEGGER_THUMB_Startup.s",190,"exit",1,0,1,0,0,0
"STM32F40x_Vectors.s",188,"EXTI0_IRQHandler",1,0,1,0,0,0
"STM32F40x_Vectors.s",222,"EXTI15_10_IRQHandler",1,0,1,0,0,0
"STM32F40x_Vectors.s",189,"EXTI1_IRQHandler",1,0,1,0,0,0
"STM32F40x_Vectors.s",190,"EXTI2_IRQHandler",1,0,1,0,0,0
"STM32F40x_Vectors.s",191,"EXTI3_IRQHandler",1,0,1,0,0,0
"STM32F40x_Vectors.s",192,"EXTI4_IRQHandler",1,0,1,0,0,0
"STM32F40x_Vectors.s",205,"EXTI9_5_IRQHandler",1,0,1,0,0,0
"STM32F40x_Vectors.s",186,"FLASH_IRQHandler",1,0,1,0,0,0
"STM32F40x_Vectors.s",263,"FPU_IRQHandler",1,0,1,0,0,0
"STM32F40x_Vectors.s",230,"FSMC_IRQHandler",1,0,1,0,0,0
"HardFaultHandler.S",156,"HardFault_Handler",6,0,6,0,0,0
"SEGGER_HardFaultHandler.c",223,"HardFaultHandler(unsigned int*)",27,0,103,0,0,0
"STM32F40x_Vectors.s",262,"HASH_RNG_IRQHandler",1,0,1,0,0,0
"OS_StartLEDBlink.c",76,"HPTask()",11,7,26,18,1,19
"STM32F40x_Vectors.s",214,"I2C1_ER_IRQHandler",1,0,1,0,0,0
"STM32F40x_Vectors.s",213,"I2C1_EV_IRQHandler",1,0,1,0,0,0
"STM32F40x_Vectors.s",216,"I2C2_ER_IRQHandler",1,0,1,0,0,0
"STM32F40x_Vectors.s",215,"I2C2_EV_IRQHandler",1,0,1,0,0,0
"STM32F40x_Vectors.s",255,"I2C3_ER_IRQHandler",1,0,1,0,0,0
"STM32F40x_Vectors.s",254,"I2C3_EV_IRQHandler",1,0,1,0,0,0
"JLINKMEM_Process.c",331,"JLINKMEM_Process()",20,5,61,19,2,34
"JLINKMEM_Process.c",375,"JLINKMEM_SendChar(unsigned char)",25,0,58,0,0,0
"JLINKMEM_Process.c",450,"JLINKMEM_SetpfGetNextChar(int()*)",3,3,8,8,1,8
"JLINKMEM_Process.c",422,"JLINKMEM_SetpfOnRx(void(unsigned char)*)",3,3,8,8,1,8
"JLINKMEM_Process.c",436,"JLINKMEM_SetpfOnTx(unsigned char()*)",3,3,8,8,1,8
"OS_StartLEDBlink.c",98,"LPTask()",7,4,18,12,1,13
"OS_StartLEDBlink.c",113,"main()",8,6,51,45,1,46
,0,"memcpy",0,0,35,0,0,0
,0,"memset",0,0,40,28,6,390
"STM32F40x_Vectors.s",164,"NMI_Handler",1,0,1,0,0,0
,0,"OS__Start",0,0,23,14,1,16
,0,"OS__TIME_ConvertCycles2us",0,0,16,0,0,0
,0,"OS__TIME_GetCycles",0,0,45,0,0,0
,0,"OS_ARMv7M_Init",0,0,44,26,1,30
,0,"OS_AssertCPUInISRMode",0,0,15,7,2,14
,0,"OS_AssertCPUNotInIllegalState",0,0,13,7,20,140
,0,"OS_ChangeTask_VFP",0,0,284,122,6,590
,0,"OS_COM_ClearTxActive",0,0,8,0,0,0
,0,"OS_COM_GetInU16",0,0,11,0,0,0
,0,"OS_COM_GetInU32",0,0,6,0,0,0
,0,"OS_COM_GetNextChar",0,0,1,0,0,0
,0,"OS_COM_OnRx",0,0,66,0,0,0
,0,"OS_COM_OnTx",0,0,10,0,0,0
"RTOSInit_STM32F4xx.c",271,"OS_COM_Send1(unsigned char)",3,0,7,0,0,0
,0,"OS_COM_StoreOutU16",0,0,16,0,0,0
,0,"OS_COM_StoreOutU32",0,0,7,0,0,0
,0,"OS_Deactivated",0,0,20,16,3,43
,0,"OS_EnableProfiling",0,0,34,0,0,0
,0,"OS_EnterRegionFunc",0,0,11,8,4,36
"OS_Error.c",283,"OS_Error(enum OS_STATUS)",7,0,16,0,0,0
,0,"OS_GetCPUState",0,0,29,18,43,383
"RTOSInit_STM32F4xx.c",244,"OS_Idle()",1,1,1,1,117973,117973
,0,"OS_INFO_GetCPU",0,0,22,0,0,0
,0,"OS_INFO_GetLibName",0,0,22,0,0,0
,0,"OS_INFO_GetVersion",0,0,22,16,1,17
,0,"OS_Init_VFP",0,0,61,37,1,41
"RTOSInit_STM32F4xx.c",176,"OS_InitHW()",13,11,74,67,1,69
,0,"OS_InsertTask",0,0,50,30,2,65
,0,"OS_IsRunning",0,0,23,18,2,38
,0,"OS_MakeTaskReady",0,0,63,31,4,105
,0,"OS_RemoveTaskFromWaitList",0,0,8,0,0,0
,0,"OS_SaveMainStack",0,0,20,0,0,0
,0,"OS_STACK_GetSP",0,0,2,2,1,2
,0,"OS_STACK_GetSysStackBase",0,0,2,2,7,14
,0,"OS_STACK_GetSysStackSize",0,0,4,0,0,0
,0,"OS_STACK_GetTaskStackBase",0,0,34,21,2,50
,0,"OS_STACK_GetTaskStackSize",0,0,34,0,0,0
,0,"OS_StartASM",0,0,26,16,1,17
,0,"OS_StartTask",0,0,9,6,2,12
,0,"OS_STAT_GetExecTime",0,0,55,0,0,0
,0,"OS_StopASM",0,0,7,0,0,0
,0,"OS_Switch",0,0,10,10,3,30
,0,"OS_SwitchAfterISR_CortexM",0,0,3,3,2,6
,0,"OS_SwitchFromInt",0,0,7,6,2,12
,0,"OS_TASK_Create_DP",0,0,105,81,2,174
,0,"OS_TASK_Delay",0,0,31,21,3,64
,0,"OS_TASK_GetName",0,0,33,21,2,48
,0,"OS_TASK_GetTimeSliceRem",0,0,33,0,0,0
,0,"OS_TASK_LeaveRegion",0,0,42,8,4,36
,0,"OS_TaskInit",0,0,11,4,2,12
,0,"OS_TerminateError",0,0,2,0,0,0
,0,"OS_TICK_Handle",0,0,55,28,2,74
,0,"OS_TIME_ConfigSysTimer",0,0,53,44,1,57
,0,"OS_TIME_Get_us64",0,0,24,0,0,0
,0,"OS_TIME_GetTicks",0,0,12,7,3,24
,0,"OS_TIME_GetTicks32",0,0,12,0,0,0
,0,"OS_TRACE_SetAPI",0,0,17,9,1,11
"STM32F40x_Vectors.s",249,"OTG_FS_IRQHandler",1,0,1,0,0,0
"STM32F40x_Vectors.s",224,"OTG_FS_WKUP_IRQHandler",1,0,1,0,0,0
"STM32F40x_Vectors.s",257,"OTG_HS_EP1_IN_IRQHandler",1,0,1,0,0,0
"STM32F40x_Vectors.s",256,"OTG_HS_EP1_OUT_IRQHandler",1,0,1,0,0,0
"STM32F40x_Vectors.s",259,"OTG_HS_IRQHandler",1,0,1,0,0,0
"STM32F40x_Vectors.s",258,"OTG_HS_WKUP_IRQHandler",1,0,1,0,0,0
,0,"OUTLINED_FUNCTION_0",0,0,2,0,0,0
,0,"OUTLINED_FUNCTION_0",0,0,2,0,0,0
,0,"OUTLINED_FUNCTION_0",0,0,10,10,2,20
,0,"OUTLINED_FUNCTION_0",0,0,2,0,0,0
,0,"OUTLINED_FUNCTION_0",0,0,2,0,0,0
,0,"OUTLINED_FUNCTION_0",0,0,2,0,0,0
,0,"OUTLINED_FUNCTION_1",0,0,4,4,2,8
,0,"OUTLINED_FUNCTION_1",0,0,2,0,0,0
,0,"OUTLINED_FUNCTION_1",0,0,3,0,0,0
,0,"OUTLINED_FUNCTION_1",0,0,4,4,2,8
,0,"OUTLINED_FUNCTION_1",0,0,5,0,0,0
,0,"OUTLINED_FUNCTION_10",0,0,5,5,5,25
,0,"OUTLINED_FUNCTION_10",0,0,7,7,2,14
,0,"OUTLINED_FUNCTION_12",0,0,5,5,2,10
,0,"OUTLINED_FUNCTION_13",0,0,3,3,2,6
,0,"OUTLINED_FUNCTION_14",0,0,4,4,2,8
,0,"OUTLINED_FUNCTION_2",0,0,3,0,0,0
,0,"OUTLINED_FUNCTION_2",0,0,4,0,0,0
,0,"OUTLINED_FUNCTION_2",0,0,2,0,0,0
,0,"OUTLINED_FUNCTION_2",0,0,2,0,0,0
,0,"OUTLINED_FUNCTION_3",0,0,3,0,0,0
,0,"OUTLINED_FUNCTION_3",0,0,3,0,0,0
,0,"OUTLINED_FUNCTION_3",0,0,2,0,0,0
,0,"OUTLINED_FUNCTION_3",0,0,4,0,0,0
,0,"OUTLINED_FUNCTION_4",0,0,3,0,0,0
,0,"OUTLINED_FUNCTION_4",0,0,3,0,0,0
,0,"OUTLINED_FUNCTION_4",0,0,2,0,0,0
,0,"OUTLINED_FUNCTION_4",0,0,2,0,0,0
,0,"OUTLINED_FUNCTION_5",0,0,4,0,0,0
,0,"OUTLINED_FUNCTION_5",0,0,2,0,0,0
,0,"OUTLINED_FUNCTION_5",0,0,2,0,0,0
,0,"OUTLINED_FUNCTION_6",0,0,2,0,0,0
,0,"OUTLINED_FUNCTION_6",0,0,2,0,0,0
,0,"OUTLINED_FUNCTION_6",0,0,2,0,0,0
,0,"OUTLINED_FUNCTION_7",0,0,3,3,2,6
,0,"OUTLINED_FUNCTION_7",0,0,2,0,0,0
,0,"OUTLINED_FUNCTION_7",0,0,4,4,3,12
,0,"OUTLINED_FUNCTION_9",0,0,7,7,2,14
,0,"OUTLINED_FUNCTION_9",0,0,3,3,2,6
,0,"PendSV_Handler",0,0,55,42,6,146
"STM32F40x_Vectors.s",183,"PVD_IRQHandler",1,0,1,0,0,0
"STM32F40x_Vectors.s",187,"RCC_IRQHandler",1,0,1,0,0,0
"STM32F4xx_Startup.s",103,"Reset_Handler",7,7,7,7,1,7
"STM32F40x_Vectors.s",223,"RTC_Alarm_IRQHandler",1,0,1,0,0,0
"STM32F40x_Vectors.s",185,"RTC_WKUP_IRQHandler",1,0,1,0,0,0
"STM32F40x_Vectors.s",231,"SDIO_IRQHandler",1,0,1,0,0,0
"SEGGER_RTT.c",1598,"SEGGER_RTT_AllocUpBuffer(const char*, void*, unsigned int, unsigned int)",21,17,86,81,1,87
"SEGGER_RTT_ASM_ARMv7M.S",171,"SEGGER_RTT_ASM_WriteSkipNoLock",57,0,58,0,0,0
"SEGGER_RTT.c",1705,"SEGGER_RTT_ConfigDownBuffer(unsigned int, const char*, void*, unsigned int, unsigned int)",19,15,60,54,1,55
"SEGGER_RTT.c",649,"SEGGER_RTT_ReadNoLock(unsigned int, void*, unsigned int)",30,0,131,0,0,0
"SEGGER_SYSVIEW_Config_embOS.c",98,"SEGGER_SYSVIEW_Conf()",7,4,30,23,1,24
"SEGGER_SYSVIEW.c",1881,"SEGGER_SYSVIEW_GetSysDesc()",12,0,130,0,0,0
"SEGGER_SYSVIEW.c",1361,"SEGGER_SYSVIEW_Init(unsigned long, unsigned long, const struct SEGGER_SYSVIEW_OS_API*, void()*)",12,12,50,50,1,50
"SEGGER_SYSVIEW.c",2401,"SEGGER_SYSVIEW_NameResource(unsigned long, const char*)",8,0,55,0,0,0
"SEGGER_SYSVIEW.c",2152,"SEGGER_SYSVIEW_OnIdle()",5,5,18,18,2,36
"SEGGER_SYSVIEW.c",2171,"SEGGER_SYSVIEW_OnTaskCreate(unsigned long)",8,8,51,51,2,106
"SEGGER_SYSVIEW.c",2220,"SEGGER_SYSVIEW_OnTaskStartExec(unsigned long)",8,8,51,51,4,212
"SEGGER_SYSVIEW.c",2258,"SEGGER_SYSVIEW_OnTaskStartReady(unsigned long)",8,8,51,51,4,212
"SEGGER_SYSVIEW.c",2240,"SEGGER_SYSVIEW_OnTaskStopExec()",5,0,18,0,0,0
"SEGGER_SYSVIEW.c",2281,"SEGGER_SYSVIEW_OnTaskStopReady(unsigned long, unsigned int)",9,8,76,65,3,204
"SEGGER_SYSVIEW.c",2196,"SEGGER_SYSVIEW_OnTaskTerminate(unsigned long)",8,0,51,0,0,0
"SEGGER_SYSVIEW.c",2111,"SEGGER_SYSVIEW_RecordEndCall(unsigned int)",7,7,45,45,6,234
"SEGGER_SYSVIEW.c",2133,"SEGGER_SYSVIEW_RecordEndCallU32(unsigned int, unsigned long)",8,8,70,70,7,626
"SEGGER_SYSVIEW.c",2008,"SEGGER_SYSVIEW_RecordEnterISR()",8,7,49,38,2,78
"SEGGER_SYSVIEW.c",2075,"SEGGER_SYSVIEW_RecordEnterTimer(unsigned long)",7,0,49,0,0,0
"SEGGER_SYSVIEW.c",2035,"SEGGER_SYSVIEW_RecordExitISR()",5,0,18,0,0,0
"SEGGER_SYSVIEW.c",2057,"SEGGER_SYSVIEW_RecordExitISRToScheduler()",5,5,18,18,2,36
"SEGGER_SYSVIEW.c",2093,"SEGGER_SYSVIEW_RecordExitTimer()",5,0,18,0,0,0
"SEGGER_SYSVIEW.c",1984,"SEGGER_SYSVIEW_RecordSystime()",8,0,30,0,0,0
"SEGGER_SYSVIEW.c",1446,"SEGGER_SYSVIEW_RecordU32(unsigned int, unsigned long)",7,7,46,46,7,312
"SEGGER_SYSVIEW.c",1469,"SEGGER_SYSVIEW_RecordU32x2(unsigned int, unsigned long, unsigned long)",8,0,71,0,0,0
"SEGGER_SYSVIEW.c",1494,"SEGGER_SYSVIEW_RecordU32x3(unsigned int, unsigned long, unsigned long, unsigned long)",9,0,96,0,0,0
"SEGGER_SYSVIEW.c",1521,"SEGGER_SYSVIEW_RecordU32x4(unsigned int, unsigned long, unsigned long, unsigned long, unsigned long)",10,9,121,110,2,306
"SEGGER_SYSVIEW.c",1550,"SEGGER_SYSVIEW_RecordU32x5(unsigned int, unsigned long, unsigned long, unsigned long, unsigned long, unsigned long)",11,0,146,0,0,0
"SEGGER_SYSVIEW.c",1426,"SEGGER_SYSVIEW_RecordVoid(unsigned int)",5,5,19,19,6,114
"SEGGER_SYSVIEW.c",2670,"SEGGER_SYSVIEW_SendModule(unsigned char)",16,0,104,0,0,0
"SEGGER_SYSVIEW.c",2709,"SEGGER_SYSVIEW_SendModuleDescription()",8,0,24,0,0,0
"SEGGER_SYSVIEW.c",2730,"SEGGER_SYSVIEW_SendNumModules()",7,0,46,0,0,0
"SEGGER_SYSVIEW.c",1966,"SEGGER_SYSVIEW_SendSysDesc(const char*)",6,0,24,0,0,0
"SEGGER_SYSVIEW.c",1909,"SEGGER_SYSVIEW_SendTaskInfo(const struct SEGGER_SYSVIEW_TASKINFO*)",15,13,190,168,2,428
"SEGGER_SYSVIEW.c",1936,"SEGGER_SYSVIEW_SendTaskList()",4,0,16,0,0,0
"SEGGER_SYSVIEW.c",2566,"SEGGER_SYSVIEW_ShrinkId(unsigned long)",2,2,9,9,6,54
"SEGGER_SYSVIEW.c",1796,"SEGGER_SYSVIEW_Start()",20,0,154,0,0,0
"SEGGER_SYSVIEW.c",1851,"SEGGER_SYSVIEW_Stop()",7,0,26,0,0,0
"system_stm32f4xx.c",342,"SetSysClock()",25,20,103,96,1,3599
"STM32F40x_Vectors.s",217,"SPI1_IRQHandler",1,0,1,0,0,0
"STM32F40x_Vectors.s",218,"SPI2_IRQHandler",1,0,1,0,0,0
"STM32F40x_Vectors.s",233,"SPI3_IRQHandler",1,0,1,0,0,0
"STM32F40x_Vectors.s",173,"SVC_Handler",1,0,1,0,0,0
"system_stm32f4xx.c",286,"SystemCoreClockUpdate()",21,13,102,70,2,142
"system_stm32f4xx.c",208,"SystemInit()",11,11,37,37,1,37
"core_cm4.h",2022,"SysTick_Config(unsigned int)",9,7,30,26,1,27
"RTOSInit_STM32F4xx.c",155,"SysTick_Handler()",8,4,117,76,2,160
"STM32F40x_Vectors.s",184,"TAMP_STAMP_IRQHandler",1,0,1,0,0,0
"STM32F40x_Vectors.s",206,"TIM1_BRK_TIM9_IRQHandler",1,0,1,0,0,0
"STM32F40x_Vectors.s",209,"TIM1_CC_IRQHandler",1,0,1,0,0,0
"STM32F40x_Vectors.s",208,"TIM1_TRG_COM_TIM11_IRQHandler",1,0,1,0,0,0
"STM32F40x_Vectors.s",207,"TIM1_UP_TIM10_IRQHandler",1,0,1,0,0,0
"STM32F40x_Vectors.s",210,"TIM2_IRQHandler",1,0,1,0,0,0
"STM32F40x_Vectors.s",211,"TIM3_IRQHandler",1,0,1,0,0,0
"STM32F40x_Vectors.s",212,"TIM4_IRQHandler",1,0,1,0,0,0
"STM32F40x_Vectors.s",232,"TIM5_IRQHandler",1,0,1,0,0,0
"STM32F40x_Vectors.s",236,"TIM6_DAC_IRQHandler",1,0,1,0,0,0
"STM32F40x_Vectors.s",237,"TIM7_IRQHandler",1,0,1,0,0,0
"STM32F40x_Vectors.s",225,"TIM8_BRK_TIM12_IRQHandler",1,0,1,0,0,0
"STM32F40x_Vectors.s",228,"TIM8_CC_IRQHandler",1,0,1,0,0,0
"STM32F40x_Vectors.s",227,"TIM8_TRG_COM_TIM14_IRQHandler",1,0,1,0,0,0
"STM32F40x_Vectors.s",226,"TIM8_UP_TIM13_IRQHandler",1,0,1,0,0,0
"STM32F40x_Vectors.s",234,"UART4_IRQHandler",1,0,1,0,0,0
"STM32F40x_Vectors.s",235,"UART5_IRQHandler",1,0,1,0,0,0
"STM32F40x_Vectors.s",219,"USART1_IRQHandler",1,0,1,0,0,0
"STM32F40x_Vectors.s",220,"USART2_IRQHandler",1,0,1,0,0,0
"STM32F40x_Vectors.s",221,"USART3_IRQHandler",1,0,1,0,0,0
"STM32F40x_Vectors.s",253,"USART6_IRQHandler",1,0,1,0,0,0
"STM32F40x_Vectors.s",182,"WWDG_IRQHandler",1,0,1,0,0,0
